,user_id,energy_consumption_perday,battery_id,rating,battery_brand,volume(kwh),Price
0,134,0.0769416401882315,27,3,Sonnen ECO2,0.536312849162011,1250
1,42,0.05927147434608321,27,2,Sonnen ECO2,0.536312849162011,1250
2,41,0.020237568542278355,27,1,Sonnen ECO2,0.536312849162011,1250
3,120,0.08042740886725926,27,3,Sonnen ECO2,0.536312849162011,1250
4,5,0.02250331818364638,27,1,Sonnen ECO2,0.536312849162011,1250
5,132,0.39468286208422154,27,4,Sonnen ECO2,0.536312849162011,1250
6,89,0.4750834573462575,27,3,Sonnen ECO2,0.536312849162011,1250
7,7,0.040019305795760775,27,2,Sonnen ECO2,0.536312849162011,1250
8,96,0.04319671801472068,27,2,Sonnen ECO2,0.536312849162011,1250
9,150,0.08983898430063417,27,3,Sonnen ECO2,0.536312849162011,1250
10,71,0.09945166177318372,27,3,Sonnen ECO2,0.536312849162011,1250
11,40,0.10614165627639463,27,3,Sonnen ECO2,0.536312849162011,1250
12,141,0.10799849843810748,27,3,Sonnen ECO2,0.536312849162011,1250
13,107,0.08367185509927738,27,3,Sonnen ECO2,0.536312849162011,1250
14,36,0.067818311011007,27,3,Sonnen ECO2,0.536312849162011,1250
15,34,0.02496346646288327,12,2,Powerbox,0.4022346368715083,690
16,93,0.2565927951842765,12,3,Powerbox,0.4022346368715083,690
17,1,0.03940259287562509,12,3,Powerbox,0.4022346368715083,690
18,106,0.01564573864778989,12,2,Powerbox,0.4022346368715083,690
19,97,0.12255828607435411,12,4,Powerbox,0.4022346368715083,690
20,145,0.017113783533765036,12,3,Powerbox,0.4022346368715083,690
21,48,0.33971503841048944,12,2,Powerbox,0.4022346368715083,690
22,49,0.39267184169247477,12,3,Powerbox,0.4022346368715083,690
23,51,0.13690356486881441,12,5,Powerbox,0.4022346368715083,690
24,70,0.043210124817332315,12,3,Powerbox,0.4022346368715083,690
25,75,0.14876858518012037,12,5,Powerbox,0.4022346368715083,690
26,28,0.5186958532759522,12,2,Powerbox,0.4022346368715083,690
27,41,0.020237568542278355,12,1,Powerbox,0.4022346368715083,690
28,13,0.1310514955288313,12,5,Powerbox,0.4022346368715083,690
29,8,0.1801270964887584,12,4,Powerbox,0.4022346368715083,690
30,56,0.08642024963466464,10,4,RESU H Series1,0.2290502793296089,795
31,49,0.39267184169247477,10,2,RESU H Series1,0.2290502793296089,795
32,83,0.10703320865006904,10,4,RESU H Series1,0.2290502793296089,795
33,67,0.12702275134403196,10,3,RESU H Series1,0.2290502793296089,795
34,144,0.2150317070881765,10,3,RESU H Series1,0.2290502793296089,795
35,129,0.1256954778854791,10,3,RESU H Series1,0.2290502793296089,795
36,37,0.41059673678424424,10,2,RESU H Series1,0.2290502793296089,795
37,32,0.3953532022148038,10,2,RESU H Series1,0.2290502793296089,795
38,14,0.6039630508520023,10,1,RESU H Series1,0.2290502793296089,795
39,73,0.03634584188017,10,3,RESU H Series1,0.2290502793296089,795
40,132,0.39468286208422154,10,1,RESU H Series1,0.2290502793296089,795
41,13,0.1310514955288313,10,2,RESU H Series1,0.2290502793296089,795
42,12,0.12560163026719756,10,3,RESU H Series1,0.2290502793296089,795
43,142,0.02415905830618456,17,3,GBLI 6532,0.2290502793296089,588
44,34,0.02496346646288327,17,4,GBLI 6532,0.2290502793296089,588
45,150,0.08983898430063417,17,4,GBLI 6532,0.2290502793296089,588
46,144,0.2150317070881765,17,2,GBLI 6532,0.2290502793296089,588
47,11,0.0473595302256365,17,5,GBLI 6532,0.2290502793296089,588
48,88,0.19156973548378448,17,3,GBLI 6532,0.2290502793296089,588
49,138,0.014861440695008648,17,4,GBLI 6532,0.2290502793296089,588
50,65,0.03389239700223893,17,3,GBLI 6532,0.2290502793296089,588
51,41,0.020237568542278355,17,3,GBLI 6532,0.2290502793296089,588
52,46,0.01695961200713242,17,3,GBLI 6532,0.2290502793296089,588
53,32,0.3953532022148038,17,2,GBLI 6532,0.2290502793296089,588
54,143,0.02706163777500704,17,2,GBLI 6532,0.2290502793296089,588
55,118,0.03519285685556853,17,3,GBLI 6532,0.2290502793296089,588
56,79,0.09820482913030072,17,4,GBLI 6532,0.2290502793296089,588
57,102,0.14016812130475,17,2,GBLI 6532,0.2290502793296089,588
58,137,0.08720454758744586,17,4,GBLI 6532,0.2290502793296089,588
59,115,0.1419780396573221,17,3,GBLI 6532,0.2290502793296089,588
60,31,0.015196610760299776,8,2,RESU Series3,0.41340782122905023,710
61,78,0.11044523991473273,8,5,RESU Series3,0.41340782122905023,710
62,141,0.10799849843810748,8,4,RESU Series3,0.41340782122905023,710
63,101,0.3169234739706927,8,3,RESU Series3,0.41340782122905023,710
64,9,0.015840137285658744,8,2,RESU Series3,0.41340782122905023,710
65,82,0.5656866293957554,8,3,RESU Series3,0.41340782122905023,710
66,137,0.08720454758744586,8,3,RESU Series3,0.41340782122905023,710
67,142,0.02415905830618456,8,3,RESU Series3,0.41340782122905023,710
68,103,0.09584523187065117,8,4,RESU Series3,0.41340782122905023,710
69,139,0.03218302966925418,8,2,RESU Series3,0.41340782122905023,710
70,114,0.9993296598694178,8,2,RESU Series3,0.41340782122905023,710
71,125,0.4141226588370939,8,3,RESU Series3,0.41340782122905023,710
72,70,0.043210124817332315,8,3,RESU Series3,0.41340782122905023,710
73,56,0.08642024963466464,8,3,RESU Series3,0.41340782122905023,710
74,20,0.010209280188767782,8,2,RESU Series3,0.41340782122905023,710
75,45,0.15051817292094008,8,5,RESU Series3,0.41340782122905023,710
76,96,0.04319671801472068,8,3,RESU Series3,0.41340782122905023,710
77,130,0.04591159554357881,8,2,RESU Series3,0.41340782122905023,710
78,5,0.02250331818364638,8,3,RESU Series3,0.41340782122905023,710
79,8,0.1801270964887584,8,4,RESU Series3,0.41340782122905023,710
80,126,0.6098623121371785,8,1,RESU Series3,0.41340782122905023,710
81,133,0.9450321092922548,34,2,Kokam Storaxe,0.329608938547486,800
82,111,0.09034844279987665,34,5,Kokam Storaxe,0.329608938547486,800
83,97,0.12255828607435411,34,5,Kokam Storaxe,0.329608938547486,800
84,37,0.41059673678424424,34,3,Kokam Storaxe,0.329608938547486,800
85,76,0.11582807116330825,34,5,Kokam Storaxe,0.329608938547486,800
86,38,0.35781422193621043,34,2,Kokam Storaxe,0.329608938547486,800
87,125,0.4141226588370939,34,2,Kokam Storaxe,0.329608938547486,800
88,59,0.11277132016785317,34,5,Kokam Storaxe,0.329608938547486,800
89,114,0.9993296598694178,34,1,Kokam Storaxe,0.329608938547486,800
90,74,0.4094303449570312,34,2,Kokam Storaxe,0.329608938547486,800
91,20,0.010209280188767782,34,2,Kokam Storaxe,0.329608938547486,800
92,83,0.10703320865006904,34,5,Kokam Storaxe,0.329608938547486,800
93,142,0.02415905830618456,34,3,Kokam Storaxe,0.329608938547486,800
94,70,0.043210124817332315,34,3,Kokam Storaxe,0.329608938547486,800
95,117,0.040642722117202275,36,1,BYD B-Box,0.43575418994413395,856
96,149,0.7224791859389454,36,2,BYD B-Box,0.43575418994413395,856
97,127,0.12566196087894999,36,4,BYD B-Box,0.43575418994413395,856
98,52,0.027068334472911557,36,3,BYD B-Box,0.43575418994413395,856
99,98,0.020559331804957833,36,2,BYD B-Box,0.43575418994413395,856
100,79,0.09820482913030072,36,3,BYD B-Box,0.43575418994413395,856
101,72,0.039147863626003844,36,2,BYD B-Box,0.43575418994413395,856
102,40,0.10614165627639463,36,1,BYD B-Box,0.43575418994413395,856
103,81,0.11090107120352866,36,5,BYD B-Box,0.43575418994413395,856
104,84,0.11616994462990521,36,5,BYD B-Box,0.43575418994413395,856
105,59,0.11277132016785317,36,5,BYD B-Box,0.43575418994413395,856
106,125,0.4141226588370939,36,3,BYD B-Box,0.43575418994413395,856
107,65,0.03389239700223893,36,2,BYD B-Box,0.43575418994413395,856
108,80,0.02815428548445482,36,1,BYD B-Box,0.43575418994413395,856
109,39,0.09338508359141429,36,3,BYD B-Box,0.43575418994413395,856
110,96,0.04319671801472068,36,2,BYD B-Box,0.43575418994413395,856
111,49,0.39267184169247477,36,3,BYD B-Box,0.43575418994413395,856
112,142,0.02415905830618456,36,2,BYD B-Box,0.43575418994413395,856
113,82,0.5656866293957554,4,1,Pulse 6,0.2290502793296089,1236
114,4,0.021129120915952752,4,5,Pulse 6,0.2290502793296089,1236
115,131,0.12259180308088324,4,3,Pulse 6,0.2290502793296089,1236
116,31,0.015196610760299776,4,3,Pulse 6,0.2290502793296089,1236
117,34,0.02496346646288327,4,2,Pulse 6,0.2290502793296089,1236
118,107,0.08367185509927738,4,5,Pulse 6,0.2290502793296089,1236
119,98,0.020559331804957833,4,3,Pulse 6,0.2290502793296089,1236
120,78,0.11044523991473273,4,4,Pulse 6,0.2290502793296089,1236
121,35,0.13231843837563179,4,2,Pulse 6,0.2290502793296089,1236
122,9,0.015840137285658744,4,5,Pulse 6,0.2290502793296089,1236
123,36,0.067818311011007,4,5,Pulse 6,0.2290502793296089,1236
124,124,0.09736020056576707,4,4,Pulse 6,0.2290502793296089,1236
125,145,0.017113783533765036,4,4,Pulse 6,0.2290502793296089,1236
126,11,0.0473595302256365,4,5,Pulse 6,0.2290502793296089,1236
127,139,0.03218302966925418,4,3,Pulse 6,0.2290502793296089,1236
128,122,0.09803054069634934,4,4,Pulse 6,0.2290502793296089,1236
129,41,0.020237568542278355,23,1,Pike Energy Habor4,0.6201117318435754,1236
130,121,0.11745029427931733,23,3,Pike Energy Habor4,0.6201117318435754,1236
131,67,0.12702275134403196,23,3,Pike Energy Habor4,0.6201117318435754,1236
132,137,0.08720454758744586,23,3,Pike Energy Habor4,0.6201117318435754,1236
133,146,0.05151563903524649,23,2,Pike Energy Habor4,0.6201117318435754,1236
134,18,0.10045046856775129,23,2,Pike Energy Habor4,0.6201117318435754,1236
135,96,0.04319671801472068,23,2,Pike Energy Habor4,0.6201117318435754,1236
136,24,0.4180844360428482,23,4,Pike Energy Habor4,0.6201117318435754,1236
137,7,0.040019305795760775,23,2,Pike Energy Habor4,0.6201117318435754,1236
138,21,0.45166197428575267,23,2,Pike Energy Habor4,0.6201117318435754,1236
139,77,0.015102763142018258,23,1,Pike Energy Habor4,0.6201117318435754,1236
140,88,0.19156973548378448,23,5,Pike Energy Habor4,0.6201117318435754,1236
141,43,0.4362439501803215,23,4,Pike Energy Habor4,0.6201117318435754,1236
142,147,0.0628644974460041,23,2,Pike Energy Habor4,0.6201117318435754,1236
143,98,0.020559331804957833,23,1,Pike Energy Habor4,0.6201117318435754,1236
144,146,0.05151563903524649,30,3,Pannasonic EverVolt3,0.5027932960893854,1392
145,131,0.12259180308088324,30,4,Pannasonic EverVolt3,0.5027932960893854,1392
146,54,0.41278204560994247,30,3,Pannasonic EverVolt3,0.5027932960893854,1392
147,78,0.11044523991473273,30,3,Pannasonic EverVolt3,0.5027932960893854,1392
148,23,0.08957084824840124,30,3,Pannasonic EverVolt3,0.5027932960893854,1392
149,124,0.09736020056576707,30,3,Pannasonic EverVolt3,0.5027932960893854,1392
150,16,0.11792623577203072,30,4,Pannasonic EverVolt3,0.5027932960893854,1392
151,62,0.13307592272318974,30,4,Pannasonic EverVolt3,0.5027932960893854,1392
152,77,0.015102763142018258,30,2,Pannasonic EverVolt3,0.5027932960893854,1392
153,9,0.015840137285658744,30,1,Pannasonic EverVolt3,0.5027932960893854,1392
154,118,0.03519285685556853,30,2,Pannasonic EverVolt3,0.5027932960893854,1392
155,43,0.4362439501803215,30,3,Pannasonic EverVolt3,0.5027932960893854,1392
156,72,0.039147863626003844,5,4,BX6.3,0.217877094972067,1180
157,20,0.010209280188767782,5,4,BX6.3,0.217877094972067,1180
158,138,0.014861440695008648,5,3,BX6.3,0.217877094972067,1180
159,16,0.11792623577203072,5,2,BX6.3,0.217877094972067,1180
160,14,0.6039630508520023,5,1,BX6.3,0.217877094972067,1180
161,106,0.01564573864778989,5,4,BX6.3,0.217877094972067,1180
162,28,0.5186958532759522,5,1,BX6.3,0.217877094972067,1180
163,96,0.04319671801472068,5,4,BX6.3,0.217877094972067,1180
164,74,0.4094303449570312,5,2,BX6.3,0.217877094972067,1180
165,44,0.10525680730402606,5,2,BX6.3,0.217877094972067,1180
166,103,0.09584523187065117,5,4,BX6.3,0.217877094972067,1180
167,64,0.054418211800667665,5,5,BX6.3,0.217877094972067,1180
168,122,0.09803054069634934,5,4,BX6.3,0.217877094972067,1180
169,125,0.4141226588370939,5,1,BX6.3,0.217877094972067,1180
170,33,0.035514620118248,5,3,BX6.3,0.217877094972067,1180
171,52,0.027068334472911557,5,3,BX6.3,0.217877094972067,1180
172,73,0.03634584188017,1,2,Powerwall 2,0.6201117318435754,1022
173,86,0.40619260212631886,1,4,Powerwall 2,0.6201117318435754,1022
174,95,0.11543927388757055,1,3,Powerwall 2,0.6201117318435754,1022
175,69,0.10762981136628724,1,3,Powerwall 2,0.6201117318435754,1022
176,53,0.15443295928354048,1,4,Powerwall 2,0.6201117318435754,1022
177,72,0.039147863626003844,1,2,Powerwall 2,0.6201117318435754,1022
178,45,0.15051817292094008,1,4,Powerwall 2,0.6201117318435754,1022
179,17,0.016738393060638963,1,2,Powerwall 2,0.6201117318435754,1022
180,14,0.6039630508520023,1,3,Powerwall 2,0.6201117318435754,1022
181,5,0.02250331818364638,1,2,Powerwall 2,0.6201117318435754,1022
182,41,0.020237568542278355,1,1,Powerwall 2,0.6201117318435754,1022
183,97,0.12255828607435411,1,3,Powerwall 2,0.6201117318435754,1022
184,40,0.10614165627639463,1,5,Powerwall 2,0.6201117318435754,1022
185,115,0.1419780396573221,1,4,Powerwall 2,0.6201117318435754,1022
186,100,0.2830779337435815,1,5,Powerwall 2,0.6201117318435754,1022
187,57,0.02210781750660285,1,2,Powerwall 2,0.6201117318435754,1022
188,66,0.041266138438643775,1,2,Powerwall 2,0.6201117318435754,1022
189,144,0.2150317070881765,1,5,Powerwall 2,0.6201117318435754,1022
190,44,0.10525680730402606,20,3,Redback,0.5027932960893854,921
191,81,0.11090107120352866,20,5,Redback,0.5027932960893854,921
192,5,0.02250331818364638,20,2,Redback,0.5027932960893854,921
193,60,0.017214334553352372,20,2,Redback,0.5027932960893854,921
194,52,0.027068334472911557,20,2,Redback,0.5027932960893854,921
195,107,0.08367185509927738,20,3,Redback,0.5027932960893854,921
196,28,0.5186958532759522,20,1,Redback,0.5027932960893854,921
197,49,0.39267184169247477,20,3,Redback,0.5027932960893854,921
198,90,0.40406762391237316,20,4,Redback,0.5027932960893854,921
199,21,0.45166197428575267,20,3,Redback,0.5027932960893854,921
200,58,0.0,20,1,Redback,0.5027932960893854,921
201,105,0.3554143372347129,20,4,Redback,0.5027932960893854,921
202,7,0.040019305795760775,20,2,Redback,0.5027932960893854,921
203,20,0.010209280188767782,20,2,Redback,0.5027932960893854,921
204,123,0.03472361876416095,20,2,Redback,0.5027932960893854,921
205,137,0.08720454758744586,20,3,Redback,0.5027932960893854,921
206,117,0.040642722117202275,20,2,Redback,0.5027932960893854,921
207,94,0.370637761600236,32,3,Nissan XStorage Specs3,0.4290502793296089,882
208,98,0.020559331804957833,32,1,Nissan XStorage Specs3,0.4290502793296089,882
209,61,0.021370443362962368,32,2,Nissan XStorage Specs3,0.4290502793296089,882
210,65,0.03389239700223893,32,2,Nissan XStorage Specs3,0.4290502793296089,882
211,28,0.5186958532759522,32,3,Nissan XStorage Specs3,0.4290502793296089,882
212,106,0.01564573864778989,32,1,Nissan XStorage Specs3,0.4290502793296089,882
213,33,0.035514620118248,32,2,Nissan XStorage Specs3,0.4290502793296089,882
214,110,0.016637842041051627,32,2,Nissan XStorage Specs3,0.4290502793296089,882
215,131,0.12259180308088324,32,5,Nissan XStorage Specs3,0.4290502793296089,882
216,122,0.09803054069634934,32,3,Nissan XStorage Specs3,0.4290502793296089,882
217,7,0.040019305795760775,32,3,Nissan XStorage Specs3,0.4290502793296089,882
218,87,0.12519942618884822,32,4,Nissan XStorage Specs3,0.4290502793296089,882
219,13,0.1310514955288313,32,5,Nissan XStorage Specs3,0.4290502793296089,882
220,95,0.11543927388757055,32,4,Nissan XStorage Specs3,0.4290502793296089,882
221,4,0.021129120915952752,2,1,Sonnen ECO4,0.759776536312849,1220
222,16,0.11792623577203072,2,2,Sonnen ECO4,0.759776536312849,1220
223,98,0.020559331804957833,2,1,Sonnen ECO4,0.759776536312849,1220
224,147,0.0628644974460041,2,1,Sonnen ECO4,0.759776536312849,1220
225,53,0.15443295928354048,2,3,Sonnen ECO4,0.759776536312849,1220
226,140,0.4838380324176488,2,5,Sonnen ECO4,0.759776536312849,1220
227,148,0.020499001193205434,2,1,Sonnen ECO4,0.759776536312849,1220
228,29,0.1348456206679269,2,3,Sonnen ECO4,0.759776536312849,1220
229,103,0.09584523187065117,2,2,Sonnen ECO4,0.759776536312849,1220
230,39,0.09338508359141429,2,3,Sonnen ECO4,0.759776536312849,1220
231,5,0.02250331818364638,2,1,Sonnen ECO4,0.759776536312849,1220
232,12,0.12560163026719756,2,3,Sonnen ECO4,0.759776536312849,1220
233,106,0.01564573864778989,37,1,Redflow Zcel,0.4245810055865921,1950
234,107,0.08367185509927738,37,3,Redflow Zcel,0.4245810055865921,1950
235,91,0.09906956789875182,37,4,Redflow Zcel,0.4245810055865921,1950
236,125,0.4141226588370939,37,2,Redflow Zcel,0.4245810055865921,1950
237,93,0.2565927951842765,37,3,Redflow Zcel,0.4245810055865921,1950
238,5,0.02250331818364638,37,2,Redflow Zcel,0.4245810055865921,1950
239,97,0.12255828607435411,37,4,Redflow Zcel,0.4245810055865921,1950
240,105,0.3554143372347129,37,3,Redflow Zcel,0.4245810055865921,1950
241,110,0.016637842041051627,37,2,Redflow Zcel,0.4245810055865921,1950
242,8,0.1801270964887584,37,5,Redflow Zcel,0.4245810055865921,1950
243,15,0.12274598131091716,37,4,Redflow Zcel,0.4245810055865921,1950
244,150,0.08983898430063417,37,3,Redflow Zcel,0.4245810055865921,1950
245,19,0.18370671278606765,37,4,Redflow Zcel,0.4245810055865921,1950
246,11,0.0473595302256365,37,2,Redflow Zcel,0.4245810055865921,1950
247,48,0.33971503841048944,37,3,Redflow Zcel,0.4245810055865921,1950
248,81,0.11090107120352866,37,3,Redflow Zcel,0.4245810055865921,1950
249,96,0.04319671801472068,37,2,Redflow Zcel,0.4245810055865921,1950
250,21,0.45166197428575267,15,1,Soltaro,0.11731843575418993,786
251,46,0.01695961200713242,15,5,Soltaro,0.11731843575418993,786
252,119,0.03682849347759053,15,4,Soltaro,0.11731843575418993,786
253,4,0.021129120915952752,15,5,Soltaro,0.11731843575418993,786
254,77,0.015102763142018258,15,5,Soltaro,0.11731843575418993,786
255,5,0.02250331818364638,15,5,Soltaro,0.11731843575418993,786
256,65,0.03389239700223893,15,4,Soltaro,0.11731843575418993,786
257,87,0.12519942618884822,15,2,Soltaro,0.11731843575418993,786
258,99,0.03728432476638647,15,5,Soltaro,0.11731843575418993,786
259,71,0.09945166177318372,9,3,RESU Series4,0.5921787709497206,710
260,39,0.09338508359141429,9,3,RESU Series4,0.5921787709497206,710
261,41,0.020237568542278355,9,2,RESU Series4,0.5921787709497206,710
262,130,0.04591159554357881,9,2,RESU Series4,0.5921787709497206,710
263,20,0.010209280188767782,9,1,RESU Series4,0.5921787709497206,710
264,103,0.09584523187065117,9,3,RESU Series4,0.5921787709497206,710
265,115,0.1419780396573221,9,4,RESU Series4,0.5921787709497206,710
266,34,0.02496346646288327,9,1,RESU Series4,0.5921787709497206,710
267,72,0.039147863626003844,9,1,RESU Series4,0.5921787709497206,710
268,90,0.40406762391237316,9,5,RESU Series4,0.5921787709497206,710
269,66,0.041266138438643775,9,2,RESU Series4,0.5921787709497206,710
270,134,0.0769416401882315,9,3,RESU Series4,0.5921787709497206,710
271,147,0.0628644974460041,9,2,RESU Series4,0.5921787709497206,710
272,105,0.3554143372347129,9,5,RESU Series4,0.5921787709497206,710
273,53,0.15443295928354048,9,4,RESU Series4,0.5921787709497206,710
274,81,0.11090107120352866,9,3,RESU Series4,0.5921787709497206,710
275,85,0.024883025647213397,9,1,RESU Series4,0.5921787709497206,710
276,69,0.10762981136628724,9,3,RESU Series4,0.5921787709497206,710
277,150,0.08983898430063417,9,3,RESU Series4,0.5921787709497206,710
278,24,0.4180844360428482,9,4,RESU Series4,0.5921787709497206,710
279,43,0.4362439501803215,9,4,RESU Series4,0.5921787709497206,710
280,137,0.08720454758744586,6,1,RESU Series1,0.050279329608938536,710
281,72,0.039147863626003844,6,4,RESU Series1,0.050279329608938536,710
282,71,0.09945166177318372,6,1,RESU Series1,0.050279329608938536,710
283,32,0.3953532022148038,6,1,RESU Series1,0.050279329608938536,710
284,14,0.6039630508520023,6,1,RESU Series1,0.050279329608938536,710
285,63,0.06486881443644506,6,5,RESU Series1,0.050279329608938536,710
286,144,0.2150317070881765,6,1,RESU Series1,0.050279329608938536,710
287,97,0.12255828607435411,6,1,RESU Series1,0.050279329608938536,710
288,26,0.11070667256565982,6,1,RESU Series1,0.050279329608938536,710
289,8,0.1801270964887584,6,2,RESU Series1,0.050279329608938536,710
290,64,0.054418211800667665,6,4,RESU Series1,0.050279329608938536,710
291,53,0.15443295928354048,6,1,RESU Series1,0.050279329608938536,710
292,16,0.11792623577203072,6,1,RESU Series1,0.050279329608938536,710
293,2,0.14398235664776307,6,1,RESU Series1,0.050279329608938536,710
294,25,0.11618335143251686,6,2,RESU Series1,0.050279329608938536,710
295,110,0.016637842041051627,6,5,RESU Series1,0.050279329608938536,710
296,52,0.027068334472911557,6,5,RESU Series1,0.050279329608938536,710
297,41,0.020237568542278355,6,4,RESU Series1,0.050279329608938536,710
298,103,0.09584523187065117,6,1,RESU Series1,0.050279329608938536,710
299,111,0.09034844279987665,6,1,RESU Series1,0.050279329608938536,710
300,47,0.11012347665205323,6,2,RESU Series1,0.050279329608938536,710
301,117,0.040642722117202275,19,4,PowerPlus,0.050279329608938536,1060
302,98,0.020559331804957833,19,5,PowerPlus,0.050279329608938536,1060
303,76,0.11582807116330825,19,1,PowerPlus,0.050279329608938536,1060
304,77,0.015102763142018258,19,5,PowerPlus,0.050279329608938536,1060
305,33,0.035514620118248,19,5,PowerPlus,0.050279329608938536,1060
306,130,0.04591159554357881,19,5,PowerPlus,0.050279329608938536,1060
307,64,0.054418211800667665,19,2,PowerPlus,0.050279329608938536,1060
308,3,0.14521578248803443,19,1,PowerPlus,0.050279329608938536,1060
309,1,0.03940259287562509,19,4,PowerPlus,0.050279329608938536,1060
310,149,0.7224791859389454,19,1,PowerPlus,0.050279329608938536,1060
311,55,0.030942907131078314,19,4,PowerPlus,0.050279329608938536,1060
312,18,0.10045046856775129,19,1,PowerPlus,0.050279329608938536,1060
313,84,0.11616994462990521,19,1,PowerPlus,0.050279329608938536,1060
314,22,0.08406065237501509,19,1,PowerPlus,0.050279329608938536,1060
315,78,0.11044523991473273,19,2,PowerPlus,0.050279329608938536,1060
316,14,0.6039630508520023,19,1,PowerPlus,0.050279329608938536,1060
317,91,0.09906956789875182,19,1,PowerPlus,0.050279329608938536,1060
318,81,0.11090107120352866,19,1,PowerPlus,0.050279329608938536,1060
319,7,0.040019305795760775,19,5,PowerPlus,0.050279329608938536,1060
320,53,0.15443295928354048,19,1,PowerPlus,0.050279329608938536,1060
321,118,0.03519285685556853,19,4,PowerPlus,0.050279329608938536,1060
322,145,0.017113783533765036,19,5,PowerPlus,0.050279329608938536,1060
323,42,0.05927147434608321,19,2,PowerPlus,0.050279329608938536,1060
324,122,0.09803054069634934,14,3,Qsave G2,0.536312849162011,1020
325,92,0.3675541969995576,14,4,Qsave G2,0.536312849162011,1020
326,109,0.07836946466637172,14,3,Qsave G2,0.536312849162011,1020
327,50,0.11427288206035743,14,4,Qsave G2,0.536312849162011,1020
328,95,0.11543927388757055,14,3,Qsave G2,0.536312849162011,1020
329,37,0.41059673678424424,14,3,Qsave G2,0.536312849162011,1020
330,30,0.08185523334539946,14,3,Qsave G2,0.536312849162011,1020
331,131,0.12259180308088324,14,3,Qsave G2,0.536312849162011,1020
332,63,0.06486881443644506,14,3,Qsave G2,0.536312849162011,1020
333,38,0.35781422193621043,14,4,Qsave G2,0.536312849162011,1020
334,117,0.040642722117202275,14,1,Qsave G2,0.536312849162011,1020
335,144,0.2150317070881765,14,5,Qsave G2,0.536312849162011,1020
336,26,0.11070667256565982,14,4,Qsave G2,0.536312849162011,1020
337,90,0.40406762391237316,14,3,Qsave G2,0.536312849162011,1020
338,104,1.0,14,3,Qsave G2,0.536312849162011,1020
339,27,0.1321441499416804,7,2,RESU Series2,0.2290502793296089,710
340,70,0.043210124817332315,7,4,RESU Series2,0.2290502793296089,710
341,122,0.09803054069634934,7,4,RESU Series2,0.2290502793296089,710
342,55,0.030942907131078314,7,4,RESU Series2,0.2290502793296089,710
343,2,0.14398235664776307,7,2,RESU Series2,0.2290502793296089,710
344,60,0.017214334553352372,7,4,RESU Series2,0.2290502793296089,710
345,134,0.0769416401882315,7,4,RESU Series2,0.2290502793296089,710
346,9,0.015840137285658744,7,5,RESU Series2,0.2290502793296089,710
347,117,0.040642722117202275,7,4,RESU Series2,0.2290502793296089,710
348,57,0.02210781750660285,7,3,RESU Series2,0.2290502793296089,710
349,143,0.02706163777500704,7,3,RESU Series2,0.2290502793296089,710
350,113,0.38797946077839895,7,2,RESU Series2,0.2290502793296089,710
351,87,0.12519942618884822,7,3,RESU Series2,0.2290502793296089,710
352,114,0.9993296598694178,7,1,RESU Series2,0.2290502793296089,710
353,94,0.370637761600236,7,2,RESU Series2,0.2290502793296089,710
354,26,0.11070667256565982,33,4,Enphase Encharge 10,0.4290502793296089,1056
355,41,0.020237568542278355,33,2,Enphase Encharge 10,0.4290502793296089,1056
356,21,0.45166197428575267,33,3,Enphase Encharge 10,0.4290502793296089,1056
357,14,0.6039630508520023,33,2,Enphase Encharge 10,0.4290502793296089,1056
358,128,0.031030037941251393,33,2,Enphase Encharge 10,0.4290502793296089,1056
359,130,0.04591159554357881,33,2,Enphase Encharge 10,0.4290502793296089,1056
360,132,0.39468286208422154,33,3,Enphase Encharge 10,0.4290502793296089,1056
361,80,0.02815428548445482,33,2,Enphase Encharge 10,0.4290502793296089,1056
362,72,0.039147863626003844,33,3,Enphase Encharge 10,0.4290502793296089,1056
363,117,0.040642722117202275,33,2,Enphase Encharge 10,0.4290502793296089,1056
364,70,0.043210124817332315,33,2,Enphase Encharge 10,0.4290502793296089,1056
365,138,0.014861440695008648,33,1,Enphase Encharge 10,0.4290502793296089,1056
366,86,0.40619260212631886,33,3,Enphase Encharge 10,0.4290502793296089,1056
367,120,0.08042740886725926,33,3,Enphase Encharge 10,0.4290502793296089,1056
368,135,0.12416039898644571,33,4,Enphase Encharge 10,0.4290502793296089,1056
369,4,0.021129120915952752,33,2,Enphase Encharge 10,0.4290502793296089,1056
370,123,0.03472361876416095,25,4,Sonnen ECO1,0.08938547486033518,1320
371,70,0.043210124817332315,25,4,Sonnen ECO1,0.08938547486033518,1320
372,68,0.03280644599069568,25,4,Sonnen ECO1,0.08938547486033518,1320
373,112,0.01590717129871697,25,4,Sonnen ECO1,0.08938547486033518,1320
374,90,0.40406762391237316,25,1,Sonnen ECO1,0.08938547486033518,1320
375,9,0.015840137285658744,25,5,Sonnen ECO1,0.08938547486033518,1320
376,124,0.09736020056576707,25,1,Sonnen ECO1,0.08938547486033518,1320
377,28,0.5186958532759522,25,1,Sonnen ECO1,0.08938547486033518,1320
378,37,0.41059673678424424,25,1,Sonnen ECO1,0.08938547486033518,1320
379,84,0.11616994462990521,25,2,Sonnen ECO1,0.08938547486033518,1320
380,103,0.09584523187065117,25,1,Sonnen ECO1,0.08938547486033518,1320
381,20,0.010209280188767782,25,4,Sonnen ECO1,0.08938547486033518,1320
382,126,0.6098623121371785,25,1,Sonnen ECO1,0.08938547486033518,1320
383,131,0.12259180308088324,25,1,Sonnen ECO1,0.08938547486033518,1320
384,16,0.11792623577203072,31,2,Nissan XStorage Specs1,0.1005586592178771,880
385,119,0.03682849347759053,31,5,Nissan XStorage Specs1,0.1005586592178771,880
386,33,0.035514620118248,31,5,Nissan XStorage Specs1,0.1005586592178771,880
387,13,0.1310514955288313,31,1,Nissan XStorage Specs1,0.1005586592178771,880
388,30,0.08185523334539946,31,3,Nissan XStorage Specs1,0.1005586592178771,880
389,116,0.128457279223478,31,2,Nissan XStorage Specs1,0.1005586592178771,880
390,137,0.08720454758744586,31,3,Nissan XStorage Specs1,0.1005586592178771,880
391,19,0.18370671278606765,31,1,Nissan XStorage Specs1,0.1005586592178771,880
392,124,0.09736020056576707,31,1,Nissan XStorage Specs1,0.1005586592178771,880
393,132,0.39468286208422154,31,1,Nissan XStorage Specs1,0.1005586592178771,880
394,73,0.03634584188017,31,5,Nissan XStorage Specs1,0.1005586592178771,880
395,81,0.11090107120352866,31,2,Nissan XStorage Specs1,0.1005586592178771,880
396,51,0.13690356486881441,31,1,Nissan XStorage Specs1,0.1005586592178771,880
397,65,0.03389239700223893,31,5,Nissan XStorage Specs1,0.1005586592178771,880
398,43,0.4362439501803215,31,1,Nissan XStorage Specs1,0.1005586592178771,880
399,49,0.39267184169247477,18,1,BX6,0.18994413407821226,840
400,40,0.10614165627639463,18,3,BX6,0.18994413407821226,840
401,98,0.020559331804957833,18,4,BX6,0.18994413407821226,840
402,100,0.2830779337435815,18,2,BX6,0.18994413407821226,840
403,87,0.12519942618884822,18,2,BX6,0.18994413407821226,840
404,95,0.11543927388757055,18,5,BX6,0.18994413407821226,840
405,47,0.11012347665205323,18,3,BX6,0.18994413407821226,840
406,114,0.9993296598694178,18,1,BX6,0.18994413407821226,840
407,28,0.5186958532759522,18,1,BX6,0.18994413407821226,840
408,132,0.39468286208422154,18,2,BX6,0.18994413407821226,840
409,96,0.04319671801472068,18,5,BX6,0.18994413407821226,840
410,77,0.015102763142018258,18,4,BX6,0.18994413407821226,840
411,34,0.02496346646288327,18,4,BX6,0.18994413407821226,840
412,103,0.09584523187065117,18,3,BX6,0.18994413407821226,840
413,72,0.039147863626003844,18,5,BX6,0.18994413407821226,840
414,16,0.11792623577203072,18,3,BX6,0.18994413407821226,840
415,33,0.035514620118248,18,4,BX6,0.18994413407821226,840
416,81,0.11090107120352866,39,5,CALB CA100,0.4379888268156424,980
417,115,0.1419780396573221,39,5,CALB CA100,0.4379888268156424,980
418,136,0.08540803603748544,39,3,CALB CA100,0.4379888268156424,980
419,99,0.03728432476638647,39,2,CALB CA100,0.4379888268156424,980
420,92,0.3675541969995576,39,3,CALB CA100,0.4379888268156424,980
421,75,0.14876858518012037,39,5,CALB CA100,0.4379888268156424,980
422,106,0.01564573864778989,39,1,CALB CA100,0.4379888268156424,980
423,49,0.39267184169247477,39,3,CALB CA100,0.4379888268156424,980
424,125,0.4141226588370939,39,3,CALB CA100,0.4379888268156424,980
425,16,0.11792623577203072,39,4,CALB CA100,0.4379888268156424,980
426,108,0.12186783573985438,39,4,CALB CA100,0.4379888268156424,980
427,97,0.12255828607435411,39,4,CALB CA100,0.4379888268156424,980
428,47,0.11012347665205323,39,5,CALB CA100,0.4379888268156424,980
429,11,0.0473595302256365,39,3,CALB CA100,0.4379888268156424,980
430,67,0.12702275134403196,39,5,CALB CA100,0.4379888268156424,980
431,34,0.02496346646288327,26,3,Sonnen ECO2,0.31284916201117313,1275
432,116,0.128457279223478,26,4,Sonnen ECO2,0.31284916201117313,1275
433,109,0.07836946466637172,26,5,Sonnen ECO2,0.31284916201117313,1275
434,147,0.0628644974460041,26,4,Sonnen ECO2,0.31284916201117313,1275
435,140,0.4838380324176488,26,2,Sonnen ECO2,0.31284916201117313,1275
436,14,0.6039630508520023,26,1,Sonnen ECO2,0.31284916201117313,1275
437,21,0.45166197428575267,26,2,Sonnen ECO2,0.31284916201117313,1275
438,37,0.41059673678424424,26,1,Sonnen ECO2,0.31284916201117313,1275
439,90,0.40406762391237316,26,2,Sonnen ECO2,0.31284916201117313,1275
440,122,0.09803054069634934,26,5,Sonnen ECO2,0.31284916201117313,1275
441,89,0.4750834573462575,26,1,Sonnen ECO2,0.31284916201117313,1275
442,30,0.08185523334539946,26,5,Sonnen ECO2,0.31284916201117313,1275
443,22,0.08406065237501509,26,4,Sonnen ECO2,0.31284916201117313,1275
444,105,0.3554143372347129,26,2,Sonnen ECO2,0.31284916201117313,1275
445,84,0.11616994462990521,26,5,Sonnen ECO2,0.31284916201117313,1275
446,68,0.03280644599069568,26,2,Sonnen ECO2,0.31284916201117313,1275
447,73,0.03634584188017,26,2,Sonnen ECO2,0.31284916201117313,1275
448,47,0.11012347665205323,35,3,GNB Sonnenschein Lead-Acid,0.7508379888268155,1330
449,131,0.12259180308088324,35,2,GNB Sonnenschein Lead-Acid,0.7508379888268155,1330
450,13,0.1310514955288313,35,1,GNB Sonnenschein Lead-Acid,0.7508379888268155,1330
451,114,0.9993296598694178,35,4,GNB Sonnenschein Lead-Acid,0.7508379888268155,1330
452,90,0.40406762391237316,35,5,GNB Sonnenschein Lead-Acid,0.7508379888268155,1330
453,91,0.09906956789875182,35,2,GNB Sonnenschein Lead-Acid,0.7508379888268155,1330
454,7,0.040019305795760775,35,1,GNB Sonnenschein Lead-Acid,0.7508379888268155,1330
455,117,0.040642722117202275,35,1,GNB Sonnenschein Lead-Acid,0.7508379888268155,1330
456,85,0.024883025647213397,35,1,GNB Sonnenschein Lead-Acid,0.7508379888268155,1330
457,21,0.45166197428575267,35,5,GNB Sonnenschein Lead-Acid,0.7508379888268155,1330
458,144,0.2150317070881765,35,4,GNB Sonnenschein Lead-Acid,0.7508379888268155,1330
459,6,0.36451755620801995,35,5,GNB Sonnenschein Lead-Acid,0.7508379888268155,1330
460,106,0.01564573864778989,35,1,GNB Sonnenschein Lead-Acid,0.7508379888268155,1330
461,34,0.02496346646288327,35,1,GNB Sonnenschein Lead-Acid,0.7508379888268155,1330
462,95,0.11543927388757055,29,2,Pannasonic EverVolt4,0.8212290502793296,1114
463,116,0.128457279223478,29,3,Pannasonic EverVolt4,0.8212290502793296,1114
464,15,0.12274598131091716,29,2,Pannasonic EverVolt4,0.8212290502793296,1114
465,128,0.031030037941251393,29,1,Pannasonic EverVolt4,0.8212290502793296,1114
466,137,0.08720454758744586,29,2,Pannasonic EverVolt4,0.8212290502793296,1114
467,11,0.0473595302256365,29,1,Pannasonic EverVolt4,0.8212290502793296,1114
468,9,0.015840137285658744,29,1,Pannasonic EverVolt4,0.8212290502793296,1114
469,130,0.04591159554357881,29,1,Pannasonic EverVolt4,0.8212290502793296,1114
470,36,0.067818311011007,29,1,Pannasonic EverVolt4,0.8212290502793296,1114
471,82,0.5656866293957554,29,5,Pannasonic EverVolt4,0.8212290502793296,1114
472,97,0.12255828607435411,29,2,Pannasonic EverVolt4,0.8212290502793296,1114
473,65,0.03389239700223893,29,1,Pannasonic EverVolt4,0.8212290502793296,1114
474,135,0.12416039898644571,29,2,Pannasonic EverVolt4,0.8212290502793296,1114
475,104,1.0,29,5,Pannasonic EverVolt4,0.8212290502793296,1114
476,70,0.043210124817332315,22,1,Pike Energy Habor6,1.0,1036
477,73,0.03634584188017,22,1,Pike Energy Habor6,1.0,1036
478,131,0.12259180308088324,22,1,Pike Energy Habor6,1.0,1036
479,55,0.030942907131078314,22,1,Pike Energy Habor6,1.0,1036
480,80,0.02815428548445482,22,1,Pike Energy Habor6,1.0,1036
481,42,0.05927147434608321,22,1,Pike Energy Habor6,1.0,1036
482,129,0.1256954778854791,22,2,Pike Energy Habor6,1.0,1036
483,133,0.9450321092922548,22,5,Pike Energy Habor6,1.0,1036
484,106,0.01564573864778989,22,1,Pike Energy Habor6,1.0,1036
485,111,0.09034844279987665,22,2,Pike Energy Habor6,1.0,1036
486,90,0.40406762391237316,22,4,Pike Energy Habor6,1.0,1036
487,33,0.035514620118248,22,1,Pike Energy Habor6,1.0,1036
488,52,0.027068334472911557,22,1,Pike Energy Habor6,1.0,1036
489,91,0.09906956789875182,22,1,Pike Energy Habor6,1.0,1036
490,108,0.12186783573985438,13,1,US2000B1,0.0,718
491,128,0.031030037941251393,13,4,US2000B1,0.0,718
492,33,0.035514620118248,13,4,US2000B1,0.0,718
493,17,0.016738393060638963,13,5,US2000B1,0.0,718
494,104,1.0,13,1,US2000B1,0.0,718
495,11,0.0473595302256365,13,1,US2000B1,0.0,718
496,139,0.03218302966925418,13,5,US2000B1,0.0,718
497,57,0.02210781750660285,13,5,US2000B1,0.0,718
498,87,0.12519942618884822,13,1,US2000B1,0.0,718
499,43,0.4362439501803215,13,1,US2000B1,0.0,718
500,3,0.14521578248803443,13,1,US2000B1,0.0,718
501,105,0.3554143372347129,13,1,US2000B1,0.0,718
502,77,0.015102763142018258,13,4,US2000B1,0.0,718
503,131,0.12259180308088324,13,1,US2000B1,0.0,718
504,53,0.15443295928354048,13,1,US2000B1,0.0,718
505,94,0.370637761600236,13,1,US2000B1,0.0,718
506,147,0.0628644974460041,13,2,US2000B1,0.0,718
507,61,0.021370443362962368,13,5,US2000B1,0.0,718
508,47,0.11012347665205323,13,1,US2000B1,0.0,718
509,129,0.1256954778854791,13,1,US2000B1,0.0,718
510,10,0.01231414819879607,13,5,US2000B1,0.0,718
511,114,0.9993296598694178,24,5,Pike Energy Habor5,0.8100558659217875,1136
512,52,0.027068334472911557,24,1,Pike Energy Habor5,0.8100558659217875,1136
513,117,0.040642722117202275,24,1,Pike Energy Habor5,0.8100558659217875,1136
514,131,0.12259180308088324,24,3,Pike Energy Habor5,0.8100558659217875,1136
515,150,0.08983898430063417,24,2,Pike Energy Habor5,0.8100558659217875,1136
516,130,0.04591159554357881,24,1,Pike Energy Habor5,0.8100558659217875,1136
517,113,0.38797946077839895,24,5,Pike Energy Habor5,0.8100558659217875,1136
518,147,0.0628644974460041,24,1,Pike Energy Habor5,0.8100558659217875,1136
519,17,0.016738393060638963,24,1,Pike Energy Habor5,0.8100558659217875,1136
520,9,0.015840137285658744,24,1,Pike Energy Habor5,0.8100558659217875,1136
521,98,0.020559331804957833,24,1,Pike Energy Habor5,0.8100558659217875,1136
522,144,0.2150317070881765,24,4,Pike Energy Habor5,0.8100558659217875,1136
523,16,0.11792623577203072,24,3,Pike Energy Habor5,0.8100558659217875,1136
524,101,0.3169234739706927,24,5,Pike Energy Habor5,0.8100558659217875,1136
525,23,0.08957084824840124,24,2,Pike Energy Habor5,0.8100558659217875,1136
526,93,0.2565927951842765,24,4,Pike Energy Habor5,0.8100558659217875,1136
527,38,0.35781422193621043,24,5,Pike Energy Habor5,0.8100558659217875,1136
528,45,0.15051817292094008,24,2,Pike Energy Habor5,0.8100558659217875,1136
529,6,0.36451755620801995,24,5,Pike Energy Habor5,0.8100558659217875,1136
530,54,0.41278204560994247,24,5,Pike Energy Habor5,0.8100558659217875,1136
531,47,0.11012347665205323,24,2,Pike Energy Habor5,0.8100558659217875,1136
532,50,0.11427288206035743,24,2,Pike Energy Habor5,0.8100558659217875,1136
533,62,0.13307592272318974,24,2,Pike Energy Habor5,0.8100558659217875,1136
534,43,0.4362439501803215,24,5,Pike Energy Habor5,0.8100558659217875,1136
535,112,0.01590717129871697,11,2,RESU H Series2,0.41340782122905023,795
536,92,0.3675541969995576,11,3,RESU H Series2,0.41340782122905023,795
537,85,0.024883025647213397,11,2,RESU H Series2,0.41340782122905023,795
538,21,0.45166197428575267,11,2,RESU H Series2,0.41340782122905023,795
539,28,0.5186958532759522,11,2,RESU H Series2,0.41340782122905023,795
540,144,0.2150317070881765,11,4,RESU H Series2,0.41340782122905023,795
541,10,0.01231414819879607,11,2,RESU H Series2,0.41340782122905023,795
542,25,0.11618335143251686,11,5,RESU H Series2,0.41340782122905023,795
543,50,0.11427288206035743,11,5,RESU H Series2,0.41340782122905023,795
544,11,0.0473595302256365,11,3,RESU H Series2,0.41340782122905023,795
545,80,0.02815428548445482,11,2,RESU H Series2,0.41340782122905023,795
546,136,0.08540803603748544,11,3,RESU H Series2,0.41340782122905023,795
547,49,0.39267184169247477,11,3,RESU H Series2,0.41340782122905023,795
548,132,0.39468286208422154,11,3,RESU H Series2,0.41340782122905023,795
549,35,0.13231843837563179,11,5,RESU H Series2,0.41340782122905023,795
550,148,0.020499001193205434,38,2,Samsung AIO10.8,0.5139664804469273,1250
551,114,0.9993296598694178,38,2,Samsung AIO10.8,0.5139664804469273,1250
552,105,0.3554143372347129,38,2,Samsung AIO10.8,0.5139664804469273,1250
553,146,0.05151563903524649,38,3,Samsung AIO10.8,0.5139664804469273,1250
554,10,0.01231414819879607,38,2,Samsung AIO10.8,0.5139664804469273,1250
555,27,0.1321441499416804,38,4,Samsung AIO10.8,0.5139664804469273,1250
556,26,0.11070667256565982,38,4,Samsung AIO10.8,0.5139664804469273,1250
557,52,0.027068334472911557,38,2,Samsung AIO10.8,0.5139664804469273,1250
558,81,0.11090107120352866,38,4,Samsung AIO10.8,0.5139664804469273,1250
559,48,0.33971503841048944,38,3,Samsung AIO10.8,0.5139664804469273,1250
560,90,0.40406762391237316,16,2,Sungrow,0.13407821229050276,780
561,56,0.08642024963466464,16,3,Sungrow,0.13407821229050276,780
562,64,0.054418211800667665,16,5,Sungrow,0.13407821229050276,780
563,105,0.3554143372347129,16,1,Sungrow,0.13407821229050276,780
564,43,0.4362439501803215,16,1,Sungrow,0.13407821229050276,780
565,114,0.9993296598694178,16,1,Sungrow,0.13407821229050276,780
566,54,0.41278204560994247,16,1,Sungrow,0.13407821229050276,780
567,106,0.01564573864778989,16,5,Sungrow,0.13407821229050276,780
568,103,0.09584523187065117,16,2,Sungrow,0.13407821229050276,780
569,127,0.12566196087894999,16,2,Sungrow,0.13407821229050276,780
570,33,0.035514620118248,16,5,Sungrow,0.13407821229050276,780
571,1,0.03940259287562509,16,5,Sungrow,0.13407821229050276,780
572,18,0.10045046856775129,16,3,Sungrow,0.13407821229050276,780
573,96,0.04319671801472068,16,5,Sungrow,0.13407821229050276,780
574,102,0.14016812130475,16,2,Sungrow,0.13407821229050276,780
575,130,0.04591159554357881,3,3,Home V2,0.4245810055865921,1176
576,61,0.021370443362962368,3,2,Home V2,0.4245810055865921,1176
577,52,0.027068334472911557,3,2,Home V2,0.4245810055865921,1176
578,78,0.11044523991473273,3,4,Home V2,0.4245810055865921,1176
579,136,0.08540803603748544,3,3,Home V2,0.4245810055865921,1176
580,143,0.02706163777500704,3,2,Home V2,0.4245810055865921,1176
581,43,0.4362439501803215,3,3,Home V2,0.4245810055865921,1176
582,28,0.5186958532759522,3,2,Home V2,0.4245810055865921,1176
583,53,0.15443295928354048,3,5,Home V2,0.4245810055865921,1176
584,53,0.15443295928354048,21,5,Pike Energy Habor3,0.43016759776536306,1336
585,139,0.03218302966925418,21,2,Pike Energy Habor3,0.43016759776536306,1336
586,147,0.0628644974460041,21,2,Pike Energy Habor3,0.43016759776536306,1336
587,20,0.010209280188767782,21,1,Pike Energy Habor3,0.43016759776536306,1336
588,44,0.10525680730402606,21,4,Pike Energy Habor3,0.43016759776536306,1336
589,8,0.1801270964887584,21,4,Pike Energy Habor3,0.43016759776536306,1336
590,81,0.11090107120352866,21,4,Pike Energy Habor3,0.43016759776536306,1336
591,29,0.1348456206679269,21,4,Pike Energy Habor3,0.43016759776536306,1336
592,77,0.015102763142018258,21,1,Pike Energy Habor3,0.43016759776536306,1336
593,47,0.11012347665205323,21,4,Pike Energy Habor3,0.43016759776536306,1336
594,34,0.02496346646288327,21,3,Pike Energy Habor3,0.43016759776536306,1336
595,109,0.07836946466637172,21,3,Pike Energy Habor3,0.43016759776536306,1336
596,50,0.11427288206035743,21,4,Pike Energy Habor3,0.43016759776536306,1336
597,40,0.10614165627639463,21,2,Pike Energy Habor3,0.43016759776536306,1336
598,60,0.017214334553352372,28,4,Pannasonic EverVolt1,0.18435754189944134,2220
599,147,0.0628644974460041,28,5,Pannasonic EverVolt1,0.18435754189944134,2220
600,112,0.01590717129871697,28,3,Pannasonic EverVolt1,0.18435754189944134,2220
601,61,0.021370443362962368,28,4,Pannasonic EverVolt1,0.18435754189944134,2220
602,125,0.4141226588370939,28,1,Pannasonic EverVolt1,0.18435754189944134,2220
603,127,0.12566196087894999,28,2,Pannasonic EverVolt1,0.18435754189944134,2220
604,81,0.11090107120352866,28,3,Pannasonic EverVolt1,0.18435754189944134,2220
605,121,0.11745029427931733,28,2,Pannasonic EverVolt1,0.18435754189944134,2220
606,108,0.12186783573985438,28,2,Pannasonic EverVolt1,0.18435754189944134,2220
607,133,0.9450321092922548,28,1,Pannasonic EverVolt1,0.18435754189944134,2220
